{
  "Get issue" : {
    "transaction" : "Get issue",
    "sampleCount" : 4619,
    "errorCount" : 0,
    "errorPct" : 0.0,
    "meanResTime" : 3190.722234249833,
    "medianResTime" : 3180.0,
    "minResTime" : 1423.0,
    "maxResTime" : 4532.0,
    "pct1ResTime" : 3438.0,
    "pct2ResTime" : 3555.0,
    "pct3ResTime" : 3862.0,
    "throughput" : 15.421289325289377,
    "receivedKBytesPerSec" : 414.3415686264485,
    "sentKBytesPerSec" : 10.587076558279719
  },
  "Get issue-1" : {
    "transaction" : "Get issue-1",
    "sampleCount" : 4619,
    "errorCount" : 0,
    "errorPct" : 0.0,
    "meanResTime" : 324.81554449014936,
    "medianResTime" : 283.0,
    "minResTime" : 139.0,
    "maxResTime" : 2258.0,
    "pct1ResTime" : 497.0,
    "pct2ResTime" : 591.0,
    "pct3ResTime" : 998.8000000000011,
    "throughput" : 15.527564031451805,
    "receivedKBytesPerSec" : 407.18913763337434,
    "sentKBytesPerSec" : 4.564254661588861
  },
  "Total" : {
    "transaction" : "Total",
    "sampleCount" : 14057,
    "errorCount" : 0,
    "errorPct" : 0.0,
    "meanResTime" : 2142.6064594152267,
    "medianResTime" : 2870.0,
    "minResTime" : 139.0,
    "maxResTime" : 8264.0,
    "pct1ResTime" : 3288.0,
    "pct2ResTime" : 3401.0999999999985,
    "pct3ResTime" : 3744.6800000000003,
    "throughput" : 46.451148143375,
    "receivedKBytesPerSec" : 827.2103998241187,
    "sentKBytesPerSec" : 21.247820330597218
  },
  "Auth" : {
    "transaction" : "Auth",
    "sampleCount" : 50,
    "errorCount" : 0,
    "errorPct" : 0.0,
    "meanResTime" : 6433.780000000001,
    "medianResTime" : 7126.5,
    "minResTime" : 3055.0,
    "maxResTime" : 8264.0,
    "pct1ResTime" : 7819.3,
    "pct2ResTime" : 8091.249999999999,
    "pct3ResTime" : 8264.0,
    "throughput" : 6.047411707789066,
    "receivedKBytesPerSec" : 128.30080014816158,
    "sentKBytesPerSec" : 5.315107946298983
  },
  "Get issue-0" : {
    "transaction" : "Get issue-0",
    "sampleCount" : 4619,
    "errorCount" : 0,
    "errorPct" : 0.0,
    "meanResTime" : 2865.7928122970384,
    "medianResTime" : 2879.0,
    "minResTime" : 410.0,
    "maxResTime" : 3727.0,
    "pct1ResTime" : 3045.0,
    "pct2ResTime" : 3122.0,
    "pct3ResTime" : 3409.8,
    "throughput" : 15.428706948095545,
    "receivedKBytesPerSec" : 9.944120676020535,
    "sentKBytesPerSec" : 6.056972844857821
  },
  "Auth-0" : {
    "transaction" : "Auth-0",
    "sampleCount" : 50,
    "errorCount" : 0,
    "errorPct" : 0.0,
    "meanResTime" : 2115.04,
    "medianResTime" : 2297.0,
    "minResTime" : 820.0,
    "maxResTime" : 3936.0,
    "pct1ResTime" : 2910.6,
    "pct2ResTime" : 2964.95,
    "pct3ResTime" : 3936.0,
    "throughput" : 12.661433274246644,
    "receivedKBytesPerSec" : 11.523882628513547,
    "sentKBytesPerSec" : 3.251911085084832
  },
  "Auth-1" : {
    "transaction" : "Auth-1",
    "sampleCount" : 50,
    "errorCount" : 0,
    "errorPct" : 0.0,
    "meanResTime" : 1401.1799999999996,
    "medianResTime" : 1401.0,
    "minResTime" : 579.0,
    "maxResTime" : 2582.0,
    "pct1ResTime" : 2070.3999999999996,
    "pct2ResTime" : 2327.6499999999987,
    "pct3ResTime" : 2582.0,
    "throughput" : 10.801468999783971,
    "receivedKBytesPerSec" : 6.982980935407216,
    "sentKBytesPerSec" : 3.512587086843811
  },
  "Auth-2" : {
    "transaction" : "Auth-2",
    "sampleCount" : 50,
    "errorCount" : 0,
    "errorPct" : 0.0,
    "meanResTime" : 2915.0599999999995,
    "medianResTime" : 3153.5,
    "minResTime" : 751.0,
    "maxResTime" : 4998.0,
    "pct1ResTime" : 4348.0,
    "pct2ResTime" : 4612.899999999998,
    "pct3ResTime" : 4998.0,
    "throughput" : 7.371369600471768,
    "receivedKBytesPerSec" : 144.91507951864955,
    "sentKBytesPerSec" : 2.188375350140056
  }
}